first_name,last_name,genre
Yuri,Neves,M
Fulano,"De Tal",F
Beltrano,"De Tal",F
Ara,Schumm,F
Marjory,Bernier,F
Horacio,Bartoletti,M
Raleigh,Fisher,M
Elliot,Nitzsche,M
Otto,Pacocha,M
Julia,Kulas,F
Iliana,Von,F
Kiel,Schultz,M
Lance,Brown,M
Fanny,Moore,F
Jackeline,Cruickshank,F
Lorena,Gulgowski,F
Kenneth,Kuvalis,M
Melvina,Balistreri,M
Maribel,Jaskolski,F
Blaze,Kulas,M
Haley,Wehner,M
Ted,Hill,M
Deja,Jacobi,F
Glen,King,M
Dorothy,Monahan,F
Shayna,Luettgen,F
Alejandrin,Ebert,M
Kenny,Heaney,M
Nella,Ondricka,F
Kasey,Wunsch,F
Rusty,Torp,M
Aubrey,Cronin,F
Valentina,Abbott,F
Kyleigh,Schmidt,M
Christopher,Smitham,M
Alexane,Mann,F
Alexandra,Denesik,F
Carol,Beer,M
Cierra,Keebler,F
Lindsay,Parisian,F
Ettie,Veum,F
Alessandro,Hagenes,M
Camilla,Jerde,F
Kayli,Moen,F
Mark,Stanton,M
Cristian,Heidenreich,M
Kailee,Maggio,F
Marguerite,Dickens,F
May,Kirlin,F
Mandy,Cummings,F
Gregorio,Ward,M
Lowell,Haley,M
Golda,Kulas,F
Garett,Little,M
Laura,Cartwright,F
Mavis,Ryan,M
Felicita,Gusikowski,F
Virginia,Dooley,F
Emilie,Thompson,F
Wava,Upton,F
Geovanny,Will,M
Sammie,Hammes,M
Rylan,Frami,M
Kavon,Bogan,F
Maegan,Jacobi,F
Lisette,Sipes,F
Yadira,O'Conner,F
Sandrine,Lebsack,F
Luther,Kozey,M
Robbie,Friesen,M
Alayna,Thiel,F
Harry,Eichmann,M
Brianne,Parisian,F
Alex,Kuphal,M
Leon,Grady,M
Maxie,Davis,F
Adell,Homenick,F
Sonny,Kuvalis,M
Brandt,Goyette,M
